-- MySQL dump 10.13  Distrib 8.0.19, for Win64 (x86_64)
--
-- Host: modelo-dimensional-in-davidsonifes.d.aivencloud.com    Database: dbnetf
-- ------------------------------------------------------
-- Server version	8.0.35

/*!40101 SET @OLD_CHARACTER_SET_CLIENT=@@CHARACTER_SET_CLIENT */;
/*!40101 SET @OLD_CHARACTER_SET_RESULTS=@@CHARACTER_SET_RESULTS */;
/*!40101 SET @OLD_COLLATION_CONNECTION=@@COLLATION_CONNECTION */;
/*!50503 SET NAMES utf8mb4 */;
/*!40103 SET @OLD_TIME_ZONE=@@TIME_ZONE */;
/*!40103 SET TIME_ZONE='+00:00' */;
/*!40014 SET @OLD_UNIQUE_CHECKS=@@UNIQUE_CHECKS, UNIQUE_CHECKS=0 */;
/*!40014 SET @OLD_FOREIGN_KEY_CHECKS=@@FOREIGN_KEY_CHECKS, FOREIGN_KEY_CHECKS=0 */;
/*!40101 SET @OLD_SQL_MODE=@@SQL_MODE, SQL_MODE='NO_AUTO_VALUE_ON_ZERO' */;
/*!40111 SET @OLD_SQL_NOTES=@@SQL_NOTES, SQL_NOTES=0 */;
SET @MYSQLDUMP_TEMP_LOG_BIN = @@SESSION.SQL_LOG_BIN;
SET @@SESSION.SQL_LOG_BIN= 0;

--
-- GTID state at the beginning of the backup 
--

SET @@GLOBAL.GTID_PURGED=/*!80000 '+'*/ '149f82a0-376e-11f0-8815-862ccfb02096:1-751';

--
-- Table structure for table `Dim_Data`
--

DROP TABLE IF EXISTS `Dim_Data`;
/*!40101 SET @saved_cs_client     = @@character_set_client */;
/*!50503 SET character_set_client = utf8mb4 */;
CREATE TABLE `Dim_Data` (
  `idDim_Data` int NOT NULL AUTO_INCREMENT,
  `mes` int DEFAULT NULL,
  `ano` int DEFAULT NULL,
  `dia` int DEFAULT NULL,
  PRIMARY KEY (`idDim_Data`)
) ENGINE=InnoDB AUTO_INCREMENT=2227 DEFAULT CHARSET=utf8mb4 COLLATE=utf8mb4_0900_ai_ci;
/*!40101 SET character_set_client = @saved_cs_client */;

--
-- Dumping data for table `Dim_Data`
--

LOCK TABLES `Dim_Data` WRITE;
/*!40000 ALTER TABLE `Dim_Data` DISABLE KEYS */;
INSERT INTO `Dim_Data` VALUES (36,1,2013,1),(37,1,2013,2),(38,1,2013,3),(39,1,2013,4),(40,1,2013,5),(41,1,2013,6),(42,1,2013,7),(43,1,2013,8),(44,1,2013,9),(45,1,2013,10),(46,1,2013,11),(47,1,2013,12),(48,1,2013,13),(49,1,2013,14),(50,1,2013,15),(51,1,2013,16),(52,1,2013,17),(53,1,2013,18),(54,1,2013,19),(55,1,2013,20),(56,1,2013,21),(57,1,2013,22),(58,1,2013,23),(59,1,2013,24),(60,1,2013,25),(61,1,2013,26),(62,1,2013,27),(63,1,2013,28),(64,1,2013,29),(65,1,2013,30),(66,1,2013,31),(67,2,2013,1),(68,2,2013,2),(69,2,2013,3),(70,2,2013,4),(71,2,2013,5),(72,2,2013,6),(73,2,2013,7),(74,2,2013,8),(75,2,2013,9),(76,2,2013,10),(77,2,2013,11),(78,2,2013,12),(79,2,2013,13),(80,2,2013,14),(81,2,2013,15),(82,2,2013,16),(83,2,2013,17),(84,2,2013,18),(85,2,2013,19),(86,2,2013,20),(87,2,2013,21),(88,2,2013,22),(89,2,2013,23),(90,2,2013,24),(91,2,2013,25),(92,2,2013,26),(93,2,2013,27),(94,2,2013,28),(95,3,2013,1),(96,3,2013,2),(97,3,2013,3),(98,3,2013,4),(99,3,2013,5),(100,3,2013,6),(101,3,2013,7),(102,3,2013,8),(103,3,2013,9),(104,3,2013,10),(105,3,2013,11),(106,3,2013,12),(107,3,2013,13),(108,3,2013,14),(109,3,2013,15),(110,3,2013,16),(111,3,2013,17),(112,3,2013,18),(113,3,2013,19),(114,3,2013,20),(115,3,2013,21),(116,3,2013,22),(117,3,2013,23),(118,3,2013,24),(119,3,2013,25),(120,3,2013,26),(121,3,2013,27),(122,3,2013,28),(123,3,2013,29),(124,3,2013,30),(125,3,2013,31),(126,4,2013,1),(127,4,2013,2),(128,4,2013,3),(129,4,2013,4),(130,4,2013,5),(131,4,2013,6),(132,4,2013,7),(133,4,2013,8),(134,4,2013,9),(135,4,2013,10),(136,4,2013,11),(137,4,2013,12),(138,4,2013,13),(139,4,2013,14),(140,4,2013,15),(141,4,2013,16),(142,4,2013,17),(143,4,2013,18),(144,4,2013,19),(145,4,2013,20),(146,4,2013,21),(147,4,2013,22),(148,4,2013,23),(149,4,2013,24),(150,4,2013,25),(151,4,2013,26),(152,4,2013,27),(153,4,2013,28),(154,4,2013,29),(155,4,2013,30),(156,5,2013,1),(157,5,2013,2),(158,5,2013,3),(159,5,2013,4),(160,5,2013,5),(161,5,2013,6),(162,5,2013,7),(163,5,2013,8),(164,5,2013,9),(165,5,2013,10),(166,5,2013,11),(167,5,2013,12),(168,5,2013,13),(169,5,2013,14),(170,5,2013,15),(171,5,2013,16),(172,5,2013,17),(173,5,2013,18),(174,5,2013,19),(175,5,2013,20),(176,5,2013,21),(177,5,2013,22),(178,5,2013,23),(179,5,2013,24),(180,5,2013,25),(181,5,2013,26),(182,5,2013,27),(183,5,2013,28),(184,5,2013,29),(185,5,2013,30),(186,5,2013,31),(187,6,2013,1),(188,6,2013,2),(189,6,2013,3),(190,6,2013,4),(191,6,2013,5),(192,6,2013,6),(193,6,2013,7),(194,6,2013,8),(195,6,2013,9),(196,6,2013,10),(197,6,2013,11),(198,6,2013,12),(199,6,2013,13),(200,6,2013,14),(201,6,2013,15),(202,6,2013,16),(203,6,2013,17),(204,6,2013,18),(205,6,2013,19),(206,6,2013,20),(207,6,2013,21),(208,6,2013,22),(209,6,2013,23),(210,6,2013,24),(211,6,2013,25),(212,6,2013,26),(213,6,2013,27),(214,6,2013,28),(215,6,2013,29),(216,6,2013,30),(217,7,2013,1),(218,7,2013,2),(219,7,2013,3),(220,7,2013,4),(221,7,2013,5),(222,7,2013,6),(223,7,2013,7),(224,7,2013,8),(225,7,2013,9),(226,7,2013,10),(227,7,2013,11),(228,7,2013,12),(229,7,2013,13),(230,7,2013,14),(231,7,2013,15),(232,7,2013,16),(233,7,2013,17),(234,7,2013,18),(235,7,2013,19),(236,7,2013,20),(237,7,2013,21),(238,7,2013,22),(239,7,2013,23),(240,7,2013,24),(241,7,2013,25),(242,7,2013,26),(243,7,2013,27),(244,7,2013,28),(245,7,2013,29),(246,7,2013,30),(247,7,2013,31),(248,8,2013,1),(249,8,2013,2),(250,8,2013,3),(251,8,2013,4),(252,8,2013,5),(253,8,2013,6),(254,8,2013,7),(255,8,2013,8),(256,8,2013,9),(257,8,2013,10),(258,8,2013,11),(259,8,2013,12),(260,8,2013,13),(261,8,2013,14),(262,8,2013,15),(263,8,2013,16),(264,8,2013,17),(265,8,2013,18),(266,8,2013,19),(267,8,2013,20),(268,8,2013,21),(269,8,2013,22),(270,8,2013,23),(271,8,2013,24),(272,8,2013,25),(273,8,2013,26),(274,8,2013,27),(275,8,2013,28),(276,8,2013,29),(277,8,2013,30),(278,8,2013,31),(279,9,2013,1),(280,9,2013,2),(281,9,2013,3),(282,9,2013,4),(283,9,2013,5),(284,9,2013,6),(285,9,2013,7),(286,9,2013,8),(287,9,2013,9),(288,9,2013,10),(289,9,2013,11),(290,9,2013,12),(291,9,2013,13),(292,9,2013,14),(293,9,2013,15),(294,9,2013,16),(295,9,2013,17),(296,9,2013,18),(297,9,2013,19),(298,9,2013,20),(299,9,2013,21),(300,9,2013,22),(301,9,2013,23),(302,9,2013,24),(303,9,2013,25),(304,9,2013,26),(305,9,2013,27),(306,9,2013,28),(307,9,2013,29),(308,9,2013,30),(309,10,2013,1),(310,10,2013,2),(311,10,2013,3),(312,10,2013,4),(313,10,2013,5),(314,10,2013,6),(315,10,2013,7),(316,10,2013,8),(317,10,2013,9),(318,10,2013,10),(319,10,2013,11),(320,10,2013,12),(321,10,2013,13),(322,10,2013,14),(323,10,2013,15),(324,10,2013,16),(325,10,2013,17),(326,10,2013,18),(327,10,2013,19),(328,10,2013,20),(329,10,2013,21),(330,10,2013,22),(331,10,2013,23),(332,10,2013,24),(333,10,2013,25),(334,10,2013,26),(335,10,2013,27),(336,10,2013,28),(337,10,2013,29),(338,10,2013,30),(339,10,2013,31),(340,11,2013,1),(341,11,2013,2),(342,11,2013,3),(343,11,2013,4),(344,11,2013,5),(345,11,2013,6),(346,11,2013,7),(347,11,2013,8),(348,11,2013,9),(349,11,2013,10),(350,11,2013,11),(351,11,2013,12),(352,11,2013,13),(353,11,2013,14),(354,11,2013,15),(355,11,2013,16),(356,11,2013,17),(357,11,2013,18),(358,11,2013,19),(359,11,2013,20),(360,11,2013,21),(361,11,2013,22),(362,11,2013,23),(363,11,2013,24),(364,11,2013,25),(365,11,2013,26),(366,11,2013,27),(367,11,2013,28),(368,11,2013,29),(369,11,2013,30),(370,12,2013,1),(371,12,2013,2),(372,12,2013,3),(373,12,2013,4),(374,12,2013,5),(375,12,2013,6),(376,12,2013,7),(377,12,2013,8),(378,12,2013,9),(379,12,2013,10),(380,12,2013,11),(381,12,2013,12),(382,12,2013,13),(383,12,2013,14),(384,12,2013,15),(385,12,2013,16),(386,12,2013,17),(387,12,2013,18),(388,12,2013,19),(389,12,2013,20),(390,12,2013,21),(391,12,2013,22),(392,12,2013,23),(393,12,2013,24),(394,12,2013,25),(395,12,2013,26),(396,12,2013,27),(397,12,2013,28),(398,12,2013,29),(399,12,2013,30),(400,12,2013,31),(401,1,2014,1),(402,1,2014,2),(403,1,2014,3),(404,1,2014,4),(405,1,2014,5),(406,1,2014,6),(407,1,2014,7),(408,1,2014,8),(409,1,2014,9),(410,1,2014,10),(411,1,2014,11),(412,1,2014,12),(413,1,2014,13),(414,1,2014,14),(415,1,2014,15),(416,1,2014,16),(417,1,2014,17),(418,1,2014,18),(419,1,2014,19),(420,1,2014,20),(421,1,2014,21),(422,1,2014,22),(423,1,2014,23),(424,1,2014,24),(425,1,2014,25),(426,1,2014,26),(427,1,2014,27),(428,1,2014,28),(429,1,2014,29),(430,1,2014,30),(431,1,2014,31),(432,2,2014,1),(433,2,2014,2),(434,2,2014,3),(435,2,2014,4),(436,2,2014,5),(437,2,2014,6),(438,2,2014,7),(439,2,2014,8),(440,2,2014,9),(441,2,2014,10),(442,2,2014,11),(443,2,2014,12),(444,2,2014,13),(445,2,2014,14),(446,2,2014,15),(447,2,2014,16),(448,2,2014,17),(449,2,2014,18),(450,2,2014,19),(451,2,2014,20),(452,2,2014,21),(453,2,2014,22),(454,2,2014,23),(455,2,2014,24),(456,2,2014,25),(457,2,2014,26),(458,2,2014,27),(459,2,2014,28),(460,3,2014,1),(461,3,2014,2),(462,3,2014,3),(463,3,2014,4),(464,3,2014,5),(465,3,2014,6),(466,3,2014,7),(467,3,2014,8),(468,3,2014,9),(469,3,2014,10),(470,3,2014,11),(471,3,2014,12),(472,3,2014,13),(473,3,2014,14),(474,3,2014,15),(475,3,2014,16),(476,3,2014,17),(477,3,2014,18),(478,3,2014,19),(479,3,2014,20),(480,3,2014,21),(481,3,2014,22),(482,3,2014,23),(483,3,2014,24),(484,3,2014,25),(485,3,2014,26),(486,3,2014,27),(487,3,2014,28),(488,3,2014,29),(489,3,2014,30),(490,3,2014,31),(491,4,2014,1),(492,4,2014,2),(493,4,2014,3),(494,4,2014,4),(495,4,2014,5),(496,4,2014,6),(497,4,2014,7),(498,4,2014,8),(499,4,2014,9),(500,4,2014,10),(501,4,2014,11),(502,4,2014,12),(503,4,2014,13),(504,4,2014,14),(505,4,2014,15),(506,4,2014,16),(507,4,2014,17),(508,4,2014,18),(509,4,2014,19),(510,4,2014,20),(511,4,2014,21),(512,4,2014,22),(513,4,2014,23),(514,4,2014,24),(515,4,2014,25),(516,4,2014,26),(517,4,2014,27),(518,4,2014,28),(519,4,2014,29),(520,4,2014,30),(521,5,2014,1),(522,5,2014,2),(523,5,2014,3),(524,5,2014,4),(525,5,2014,5),(526,5,2014,6),(527,5,2014,7),(528,5,2014,8),(529,5,2014,9),(530,5,2014,10),(531,5,2014,11),(532,5,2014,12),(533,5,2014,13),(534,5,2014,14),(535,5,2014,15),(536,5,2014,16),(537,5,2014,17),(538,5,2014,18),(539,5,2014,19),(540,5,2014,20),(541,5,2014,21),(542,5,2014,22),(543,5,2014,23),(544,5,2014,24),(545,5,2014,25),(546,5,2014,26),(547,5,2014,27),(548,5,2014,28),(549,5,2014,29),(550,5,2014,30),(551,5,2014,31),(552,6,2014,1),(553,6,2014,2),(554,6,2014,3),(555,6,2014,4),(556,6,2014,5),(557,6,2014,6),(558,6,2014,7),(559,6,2014,8),(560,6,2014,9),(561,6,2014,10),(562,6,2014,11),(563,6,2014,12),(564,6,2014,13),(565,6,2014,14),(566,6,2014,15),(567,6,2014,16),(568,6,2014,17),(569,6,2014,18),(570,6,2014,19),(571,6,2014,20),(572,6,2014,21),(573,6,2014,22),(574,6,2014,23),(575,6,2014,24),(576,6,2014,25),(577,6,2014,26),(578,6,2014,27),(579,6,2014,28),(580,6,2014,29),(581,6,2014,30),(582,7,2014,1),(583,7,2014,2),(584,7,2014,3),(585,7,2014,4),(586,7,2014,5),(587,7,2014,6),(588,7,2014,7),(589,7,2014,8),(590,7,2014,9),(591,7,2014,10),(592,7,2014,11),(593,7,2014,12),(594,7,2014,13),(595,7,2014,14),(596,7,2014,15),(597,7,2014,16),(598,7,2014,17),(599,7,2014,18),(600,7,2014,19),(601,7,2014,20),(602,7,2014,21),(603,7,2014,22),(604,7,2014,23),(605,7,2014,24),(606,7,2014,25),(607,7,2014,26),(608,7,2014,27),(609,7,2014,28),(610,7,2014,29),(611,7,2014,30),(612,7,2014,31),(613,8,2014,1),(614,8,2014,2),(615,8,2014,3),(616,8,2014,4),(617,8,2014,5),(618,8,2014,6),(619,8,2014,7),(620,8,2014,8),(621,8,2014,9),(622,8,2014,10),(623,8,2014,11),(624,8,2014,12),(625,8,2014,13),(626,8,2014,14),(627,8,2014,15),(628,8,2014,16),(629,8,2014,17),(630,8,2014,18),(631,8,2014,19),(632,8,2014,20),(633,8,2014,21),(634,8,2014,22),(635,8,2014,23),(636,8,2014,24),(637,8,2014,25),(638,8,2014,26),(639,8,2014,27),(640,8,2014,28),(641,8,2014,29),(642,8,2014,30),(643,8,2014,31),(644,9,2014,1),(645,9,2014,2),(646,9,2014,3),(647,9,2014,4),(648,9,2014,5),(649,9,2014,6),(650,9,2014,7),(651,9,2014,8),(652,9,2014,9),(653,9,2014,10),(654,9,2014,11),(655,9,2014,12),(656,9,2014,13),(657,9,2014,14),(658,9,2014,15),(659,9,2014,16),(660,9,2014,17),(661,9,2014,18),(662,9,2014,19),(663,9,2014,20),(664,9,2014,21),(665,9,2014,22),(666,9,2014,23),(667,9,2014,24),(668,9,2014,25),(669,9,2014,26),(670,9,2014,27),(671,9,2014,28),(672,9,2014,29),(673,9,2014,30),(674,10,2014,1),(675,10,2014,2),(676,10,2014,3),(677,10,2014,4),(678,10,2014,5),(679,10,2014,6),(680,10,2014,7),(681,10,2014,8),(682,10,2014,9),(683,10,2014,10),(684,10,2014,11),(685,10,2014,12),(686,10,2014,13),(687,10,2014,14),(688,10,2014,15),(689,10,2014,16),(690,10,2014,17),(691,10,2014,18),(692,10,2014,19),(693,10,2014,20),(694,10,2014,21),(695,10,2014,22),(696,10,2014,23),(697,10,2014,24),(698,10,2014,25),(699,10,2014,26),(700,10,2014,27),(701,10,2014,28),(702,10,2014,29),(703,10,2014,30),(704,10,2014,31),(705,11,2014,1),(706,11,2014,2),(707,11,2014,3),(708,11,2014,4),(709,11,2014,5),(710,11,2014,6),(711,11,2014,7),(712,11,2014,8),(713,11,2014,9),(714,11,2014,10),(715,11,2014,11),(716,11,2014,12),(717,11,2014,13),(718,11,2014,14),(719,11,2014,15),(720,11,2014,16),(721,11,2014,17),(722,11,2014,18),(723,11,2014,19),(724,11,2014,20),(725,11,2014,21),(726,11,2014,22),(727,11,2014,23),(728,11,2014,24),(729,11,2014,25),(730,11,2014,26),(731,11,2014,27),(732,11,2014,28),(733,11,2014,29),(734,11,2014,30),(735,12,2014,1),(736,12,2014,2),(737,12,2014,3),(738,12,2014,4),(739,12,2014,5),(740,12,2014,6),(741,12,2014,7),(742,12,2014,8),(743,12,2014,9),(744,12,2014,10),(745,12,2014,11),(746,12,2014,12),(747,12,2014,13),(748,12,2014,14),(749,12,2014,15),(750,12,2014,16),(751,12,2014,17),(752,12,2014,18),(753,12,2014,19),(754,12,2014,20),(755,12,2014,21),(756,12,2014,22),(757,12,2014,23),(758,12,2014,24),(759,12,2014,25),(760,12,2014,26),(761,12,2014,27),(762,12,2014,28),(763,12,2014,29),(764,12,2014,30),(765,12,2014,31),(766,1,2015,1),(767,1,2015,2),(768,1,2015,3),(769,1,2015,4),(770,1,2015,5),(771,1,2015,6),(772,1,2015,7),(773,1,2015,8),(774,1,2015,9),(775,1,2015,10),(776,1,2015,11),(777,1,2015,12),(778,1,2015,13),(779,1,2015,14),(780,1,2015,15),(781,1,2015,16),(782,1,2015,17),(783,1,2015,18),(784,1,2015,19),(785,1,2015,20),(786,1,2015,21),(787,1,2015,22),(788,1,2015,23),(789,1,2015,24),(790,1,2015,25),(791,1,2015,26),(792,1,2015,27),(793,1,2015,28),(794,1,2015,29),(795,1,2015,30),(796,1,2015,31),(797,2,2015,1),(798,2,2015,2),(799,2,2015,3),(800,2,2015,4),(801,2,2015,5),(802,2,2015,6),(803,2,2015,7),(804,2,2015,8),(805,2,2015,9),(806,2,2015,10),(807,2,2015,11),(808,2,2015,12),(809,2,2015,13),(810,2,2015,14),(811,2,2015,15),(812,2,2015,16),(813,2,2015,17),(814,2,2015,18),(815,2,2015,19),(816,2,2015,20),(817,2,2015,21),(818,2,2015,22),(819,2,2015,23),(820,2,2015,24),(821,2,2015,25),(822,2,2015,26),(823,2,2015,27),(824,2,2015,28),(825,3,2015,1),(826,3,2015,2),(827,3,2015,3),(828,3,2015,4),(829,3,2015,5),(830,3,2015,6),(831,3,2015,7),(832,3,2015,8),(833,3,2015,9),(834,3,2015,10),(835,3,2015,11),(836,3,2015,12),(837,3,2015,13),(838,3,2015,14),(839,3,2015,15),(840,3,2015,16),(841,3,2015,17),(842,3,2015,18),(843,3,2015,19),(844,3,2015,20),(845,3,2015,21),(846,3,2015,22),(847,3,2015,23),(848,3,2015,24),(849,3,2015,25),(850,3,2015,26),(851,3,2015,27),(852,3,2015,28),(853,3,2015,29),(854,3,2015,30),(855,3,2015,31),(856,4,2015,1),(857,4,2015,2),(858,4,2015,3),(859,4,2015,4),(860,4,2015,5),(861,4,2015,6),(862,4,2015,7),(863,4,2015,8),(864,4,2015,9),(865,4,2015,10),(866,4,2015,11),(867,4,2015,12),(868,4,2015,13),(869,4,2015,14),(870,4,2015,15),(871,4,2015,16),(872,4,2015,17),(873,4,2015,18),(874,4,2015,19),(875,4,2015,20),(876,4,2015,21),(877,4,2015,22),(878,4,2015,23),(879,4,2015,24),(880,4,2015,25),(881,4,2015,26),(882,4,2015,27),(883,4,2015,28),(884,4,2015,29),(885,4,2015,30),(886,5,2015,1),(887,5,2015,2),(888,5,2015,3),(889,5,2015,4),(890,5,2015,5),(891,5,2015,6),(892,5,2015,7),(893,5,2015,8),(894,5,2015,9),(895,5,2015,10),(896,5,2015,11),(897,5,2015,12),(898,5,2015,13),(899,5,2015,14),(900,5,2015,15),(901,5,2015,16),(902,5,2015,17),(903,5,2015,18),(904,5,2015,19),(905,5,2015,20),(906,5,2015,21),(907,5,2015,22),(908,5,2015,23),(909,5,2015,24),(910,5,2015,25),(911,5,2015,26),(912,5,2015,27),(913,5,2015,28),(914,5,2015,29),(915,5,2015,30),(916,5,2015,31),(917,6,2015,1),(918,6,2015,2),(919,6,2015,3),(920,6,2015,4),(921,6,2015,5),(922,6,2015,6),(923,6,2015,7),(924,6,2015,8),(925,6,2015,9),(926,6,2015,10),(927,6,2015,11),(928,6,2015,12),(929,6,2015,13),(930,6,2015,14),(931,6,2015,15),(932,6,2015,16),(933,6,2015,17),(934,6,2015,18),(935,6,2015,19),(936,6,2015,20),(937,6,2015,21),(938,6,2015,22),(939,6,2015,23),(940,6,2015,24),(941,6,2015,25),(942,6,2015,26),(943,6,2015,27),(944,6,2015,28),(945,6,2015,29),(946,6,2015,30),(947,7,2015,1),(948,7,2015,2),(949,7,2015,3),(950,7,2015,4),(951,7,2015,5),(952,7,2015,6),(953,7,2015,7),(954,7,2015,8),(955,7,2015,9),(956,7,2015,10),(957,7,2015,11),(958,7,2015,12),(959,7,2015,13),(960,7,2015,14),(961,7,2015,15),(962,7,2015,16),(963,7,2015,17),(964,7,2015,18),(965,7,2015,19),(966,7,2015,20),(967,7,2015,21),(968,7,2015,22),(969,7,2015,23),(970,7,2015,24),(971,7,2015,25),(972,7,2015,26),(973,7,2015,27),(974,7,2015,28),(975,7,2015,29),(976,7,2015,30),(977,7,2015,31),(978,8,2015,1),(979,8,2015,2),(980,8,2015,3),(981,8,2015,4),(982,8,2015,5),(983,8,2015,6),(984,8,2015,7),(985,8,2015,8),(986,8,2015,9),(987,8,2015,10),(988,8,2015,11),(989,8,2015,12),(990,8,2015,13),(991,8,2015,14),(992,8,2015,15),(993,8,2015,16),(994,8,2015,17),(995,8,2015,18),(996,8,2015,19),(997,8,2015,20),(998,8,2015,21),(999,8,2015,22),(1000,8,2015,23),(1001,8,2015,24),(1002,8,2015,25),(1003,8,2015,26),(1004,8,2015,27),(1005,8,2015,28),(1006,8,2015,29),(1007,8,2015,30),(1008,8,2015,31),(1009,9,2015,1),(1010,9,2015,2),(1011,9,2015,3),(1012,9,2015,4),(1013,9,2015,5),(1014,9,2015,6),(1015,9,2015,7),(1016,9,2015,8),(1017,9,2015,9),(1018,9,2015,10),(1019,9,2015,11),(1020,9,2015,12),(1021,9,2015,13),(1022,9,2015,14),(1023,9,2015,15),(1024,9,2015,16),(1025,9,2015,17),(1026,9,2015,18),(1027,9,2015,19),(1028,9,2015,20),(1029,9,2015,21),(1030,9,2015,22),(1031,9,2015,23),(1032,9,2015,24),(1033,9,2015,25),(1034,9,2015,26),(1035,9,2015,27),(1036,9,2015,28),(1037,9,2015,29),(1038,9,2015,30),(1039,10,2015,1),(1040,10,2015,2),(1041,10,2015,3),(1042,10,2015,4),(1043,10,2015,5),(1044,10,2015,6),(1045,10,2015,7),(1046,10,2015,8),(1047,10,2015,9),(1048,10,2015,10),(1049,10,2015,11),(1050,10,2015,12),(1051,10,2015,13),(1052,10,2015,14),(1053,10,2015,15),(1054,10,2015,16),(1055,10,2015,17),(1056,10,2015,18),(1057,10,2015,19),(1058,10,2015,20),(1059,10,2015,21),(1060,10,2015,22),(1061,10,2015,23),(1062,10,2015,24),(1063,10,2015,25),(1064,10,2015,26),(1065,10,2015,27),(1066,10,2015,28),(1067,10,2015,29),(1068,10,2015,30),(1069,10,2015,31),(1070,11,2015,1),(1071,11,2015,2),(1072,11,2015,3),(1073,11,2015,4),(1074,11,2015,5),(1075,11,2015,6),(1076,11,2015,7),(1077,11,2015,8),(1078,11,2015,9),(1079,11,2015,10),(1080,11,2015,11),(1081,11,2015,12),(1082,11,2015,13),(1083,11,2015,14),(1084,11,2015,15),(1085,11,2015,16),(1086,11,2015,17),(1087,11,2015,18),(1088,11,2015,19),(1089,11,2015,20),(1090,11,2015,21),(1091,11,2015,22),(1092,11,2015,23),(1093,11,2015,24),(1094,11,2015,25),(1095,11,2015,26),(1096,11,2015,27),(1097,11,2015,28),(1098,11,2015,29),(1099,11,2015,30),(1100,12,2015,1),(1101,12,2015,2),(1102,12,2015,3),(1103,12,2015,4),(1104,12,2015,5),(1105,12,2015,6),(1106,12,2015,7),(1107,12,2015,8),(1108,12,2015,9),(1109,12,2015,10),(1110,12,2015,11),(1111,12,2015,12),(1112,12,2015,13),(1113,12,2015,14),(1114,12,2015,15),(1115,12,2015,16),(1116,12,2015,17),(1117,12,2015,18),(1118,12,2015,19),(1119,12,2015,20),(1120,12,2015,21),(1121,12,2015,22),(1122,12,2015,23),(1123,12,2015,24),(1124,12,2015,25),(1125,12,2015,26),(1126,12,2015,27),(1127,12,2015,28),(1128,12,2015,29),(1129,12,2015,30),(1130,12,2015,31),(1131,1,2016,1),(1132,1,2016,2),(1133,1,2016,3),(1134,1,2016,4),(1135,1,2016,5),(1136,1,2016,6),(1137,1,2016,7),(1138,1,2016,8),(1139,1,2016,9),(1140,1,2016,10),(1141,1,2016,11),(1142,1,2016,12),(1143,1,2016,13),(1144,1,2016,14),(1145,1,2016,15),(1146,1,2016,16),(1147,1,2016,17),(1148,1,2016,18),(1149,1,2016,19),(1150,1,2016,20),(1151,1,2016,21),(1152,1,2016,22),(1153,1,2016,23),(1154,1,2016,24),(1155,1,2016,25),(1156,1,2016,26),(1157,1,2016,27),(1158,1,2016,28),(1159,1,2016,29),(1160,1,2016,30),(1161,1,2016,31),(1162,2,2016,1),(1163,2,2016,2),(1164,2,2016,3),(1165,2,2016,4),(1166,2,2016,5),(1167,2,2016,6),(1168,2,2016,7),(1169,2,2016,8),(1170,2,2016,9),(1171,2,2016,10),(1172,2,2016,11),(1173,2,2016,12),(1174,2,2016,13),(1175,2,2016,14),(1176,2,2016,15),(1177,2,2016,16),(1178,2,2016,17),(1179,2,2016,18),(1180,2,2016,19),(1181,2,2016,20),(1182,2,2016,21),(1183,2,2016,22),(1184,2,2016,23),(1185,2,2016,24),(1186,2,2016,25),(1187,2,2016,26),(1188,2,2016,27),(1189,2,2016,28),(1190,2,2016,29),(1191,3,2016,1),(1192,3,2016,2),(1193,3,2016,3),(1194,3,2016,4),(1195,3,2016,5),(1196,3,2016,6),(1197,3,2016,7),(1198,3,2016,8),(1199,3,2016,9),(1200,3,2016,10),(1201,3,2016,11),(1202,3,2016,12),(1203,3,2016,13),(1204,3,2016,14),(1205,3,2016,15),(1206,3,2016,16),(1207,3,2016,17),(1208,3,2016,18),(1209,3,2016,19),(1210,3,2016,20),(1211,3,2016,21),(1212,3,2016,22),(1213,3,2016,23),(1214,3,2016,24),(1215,3,2016,25),(1216,3,2016,26),(1217,3,2016,27),(1218,3,2016,28),(1219,3,2016,29),(1220,3,2016,30),(1221,3,2016,31),(1222,4,2016,1),(1223,4,2016,2),(1224,4,2016,3),(1225,4,2016,4),(1226,4,2016,5),(1227,4,2016,6),(1228,4,2016,7),(1229,4,2016,8),(1230,4,2016,9),(1231,4,2016,10),(1232,4,2016,11),(1233,4,2016,12),(1234,4,2016,13),(1235,4,2016,14),(1236,4,2016,15),(1237,4,2016,16),(1238,4,2016,17),(1239,4,2016,18),(1240,4,2016,19),(1241,4,2016,20),(1242,4,2016,21),(1243,4,2016,22),(1244,4,2016,23),(1245,4,2016,24),(1246,4,2016,25),(1247,4,2016,26),(1248,4,2016,27),(1249,4,2016,28),(1250,4,2016,29),(1251,4,2016,30),(1252,5,2016,1),(1253,5,2016,2),(1254,5,2016,3),(1255,5,2016,4),(1256,5,2016,5),(1257,5,2016,6),(1258,5,2016,7),(1259,5,2016,8),(1260,5,2016,9),(1261,5,2016,10),(1262,5,2016,11),(1263,5,2016,12),(1264,5,2016,13),(1265,5,2016,14),(1266,5,2016,15),(1267,5,2016,16),(1268,5,2016,17),(1269,5,2016,18),(1270,5,2016,19),(1271,5,2016,20),(1272,5,2016,21),(1273,5,2016,22),(1274,5,2016,23),(1275,5,2016,24),(1276,5,2016,25),(1277,5,2016,26),(1278,5,2016,27),(1279,5,2016,28),(1280,5,2016,29),(1281,5,2016,30),(1282,5,2016,31),(1283,6,2016,1),(1284,6,2016,2),(1285,6,2016,3),(1286,6,2016,4),(1287,6,2016,5),(1288,6,2016,6),(1289,6,2016,7),(1290,6,2016,8),(1291,6,2016,9),(1292,6,2016,10),(1293,6,2016,11),(1294,6,2016,12),(1295,6,2016,13),(1296,6,2016,14),(1297,6,2016,15),(1298,6,2016,16),(1299,6,2016,17),(1300,6,2016,18),(1301,6,2016,19),(1302,6,2016,20),(1303,6,2016,21),(1304,6,2016,22),(1305,6,2016,23),(1306,6,2016,24),(1307,6,2016,25),(1308,6,2016,26),(1309,6,2016,27),(1310,6,2016,28),(1311,6,2016,29),(1312,6,2016,30),(1313,7,2016,1),(1314,7,2016,2),(1315,7,2016,3),(1316,7,2016,4),(1317,7,2016,5),(1318,7,2016,6),(1319,7,2016,7),(1320,7,2016,8),(1321,7,2016,9),(1322,7,2016,10),(1323,7,2016,11),(1324,7,2016,12),(1325,7,2016,13),(1326,7,2016,14),(1327,7,2016,15),(1328,7,2016,16),(1329,7,2016,17),(1330,7,2016,18),(1331,7,2016,19),(1332,7,2016,20),(1333,7,2016,21),(1334,7,2016,22),(1335,7,2016,23),(1336,7,2016,24),(1337,7,2016,25),(1338,7,2016,26),(1339,7,2016,27),(1340,7,2016,28),(1341,7,2016,29),(1342,7,2016,30),(1343,7,2016,31),(1344,8,2016,1),(1345,8,2016,2),(1346,8,2016,3),(1347,8,2016,4),(1348,8,2016,5),(1349,8,2016,6),(1350,8,2016,7),(1351,8,2016,8),(1352,8,2016,9),(1353,8,2016,10),(1354,8,2016,11),(1355,8,2016,12),(1356,8,2016,13),(1357,8,2016,14),(1358,8,2016,15),(1359,8,2016,16),(1360,8,2016,17),(1361,8,2016,18),(1362,8,2016,19),(1363,8,2016,20),(1364,8,2016,21),(1365,8,2016,22),(1366,8,2016,23),(1367,8,2016,24),(1368,8,2016,25),(1369,8,2016,26),(1370,8,2016,27),(1371,8,2016,28),(1372,8,2016,29),(1373,8,2016,30),(1374,8,2016,31),(1375,9,2016,1),(1376,9,2016,2),(1377,9,2016,3),(1378,9,2016,4),(1379,9,2016,5),(1380,9,2016,6),(1381,9,2016,7),(1382,9,2016,8),(1383,9,2016,9),(1384,9,2016,10),(1385,9,2016,11),(1386,9,2016,12),(1387,9,2016,13),(1388,9,2016,14),(1389,9,2016,15),(1390,9,2016,16),(1391,9,2016,17),(1392,9,2016,18),(1393,9,2016,19),(1394,9,2016,20),(1395,9,2016,21),(1396,9,2016,22),(1397,9,2016,23),(1398,9,2016,24),(1399,9,2016,25),(1400,9,2016,26),(1401,9,2016,27),(1402,9,2016,28),(1403,9,2016,29),(1404,9,2016,30),(1405,10,2016,1),(1406,10,2016,2),(1407,10,2016,3),(1408,10,2016,4),(1409,10,2016,5),(1410,10,2016,6),(1411,10,2016,7),(1412,10,2016,8),(1413,10,2016,9),(1414,10,2016,10),(1415,10,2016,11),(1416,10,2016,12),(1417,10,2016,13),(1418,10,2016,14),(1419,10,2016,15),(1420,10,2016,16),(1421,10,2016,17),(1422,10,2016,18),(1423,10,2016,19),(1424,10,2016,20),(1425,10,2016,21),(1426,10,2016,22),(1427,10,2016,23),(1428,10,2016,24),(1429,10,2016,25),(1430,10,2016,26),(1431,10,2016,27),(1432,10,2016,28),(1433,10,2016,29),(1434,10,2016,30),(1435,10,2016,31),(1436,11,2016,1),(1437,11,2016,2),(1438,11,2016,3),(1439,11,2016,4),(1440,11,2016,5),(1441,11,2016,6),(1442,11,2016,7),(1443,11,2016,8),(1444,11,2016,9),(1445,11,2016,10),(1446,11,2016,11),(1447,11,2016,12),(1448,11,2016,13),(1449,11,2016,14),(1450,11,2016,15),(1451,11,2016,16),(1452,11,2016,17),(1453,11,2016,18),(1454,11,2016,19),(1455,11,2016,20),(1456,11,2016,21),(1457,11,2016,22),(1458,11,2016,23),(1459,11,2016,24),(1460,11,2016,25),(1461,11,2016,26),(1462,11,2016,27),(1463,11,2016,28),(1464,11,2016,29),(1465,11,2016,30),(1466,12,2016,1),(1467,12,2016,2),(1468,12,2016,3),(1469,12,2016,4),(1470,12,2016,5),(1471,12,2016,6),(1472,12,2016,7),(1473,12,2016,8),(1474,12,2016,9),(1475,12,2016,10),(1476,12,2016,11),(1477,12,2016,12),(1478,12,2016,13),(1479,12,2016,14),(1480,12,2016,15),(1481,12,2016,16),(1482,12,2016,17),(1483,12,2016,18),(1484,12,2016,19),(1485,12,2016,20),(1486,12,2016,21),(1487,12,2016,22),(1488,12,2016,23),(1489,12,2016,24),(1490,12,2016,25),(1491,12,2016,26),(1492,12,2016,27),(1493,12,2016,28),(1494,12,2016,29),(1495,12,2016,30),(1496,12,2016,31),(1497,1,2017,1),(1498,1,2017,2),(1499,1,2017,3),(1500,1,2017,4),(1501,1,2017,5),(1502,1,2017,6),(1503,1,2017,7),(1504,1,2017,8),(1505,1,2017,9),(1506,1,2017,10),(1507,1,2017,11),(1508,1,2017,12),(1509,1,2017,13),(1510,1,2017,14),(1511,1,2017,15),(1512,1,2017,16),(1513,1,2017,17),(1514,1,2017,18),(1515,1,2017,19),(1516,1,2017,20),(1517,1,2017,21),(1518,1,2017,22),(1519,1,2017,23),(1520,1,2017,24),(1521,1,2017,25),(1522,1,2017,26),(1523,1,2017,27),(1524,1,2017,28),(1525,1,2017,29),(1526,1,2017,30),(1527,1,2017,31),(1528,2,2017,1),(1529,2,2017,2),(1530,2,2017,3),(1531,2,2017,4),(1532,2,2017,5),(1533,2,2017,6),(1534,2,2017,7),(1535,2,2017,8),(1536,2,2017,9),(1537,2,2017,10),(1538,2,2017,11),(1539,2,2017,12),(1540,2,2017,13),(1541,2,2017,14),(1542,2,2017,15),(1543,2,2017,16),(1544,2,2017,17),(1545,2,2017,18),(1546,2,2017,19),(1547,2,2017,20),(1548,2,2017,21),(1549,2,2017,22),(1550,2,2017,23),(1551,2,2017,24),(1552,2,2017,25),(1553,2,2017,26),(1554,2,2017,27),(1555,2,2017,28),(1556,3,2017,1),(1557,3,2017,2),(1558,3,2017,3),(1559,3,2017,4),(1560,3,2017,5),(1561,3,2017,6),(1562,3,2017,7),(1563,3,2017,8),(1564,3,2017,9),(1565,3,2017,10),(1566,3,2017,11),(1567,3,2017,12),(1568,3,2017,13),(1569,3,2017,14),(1570,3,2017,15),(1571,3,2017,16),(1572,3,2017,17),(1573,3,2017,18),(1574,3,2017,19),(1575,3,2017,20),(1576,3,2017,21),(1577,3,2017,22),(1578,3,2017,23),(1579,3,2017,24),(1580,3,2017,25),(1581,3,2017,26),(1582,3,2017,27),(1583,3,2017,28),(1584,3,2017,29),(1585,3,2017,30),(1586,3,2017,31),(1587,4,2017,1),(1588,4,2017,2),(1589,4,2017,3),(1590,4,2017,4),(1591,4,2017,5),(1592,4,2017,6),(1593,4,2017,7),(1594,4,2017,8),(1595,4,2017,9),(1596,4,2017,10),(1597,4,2017,11),(1598,4,2017,12),(1599,4,2017,13),(1600,4,2017,14),(1601,4,2017,15),(1602,4,2017,16),(1603,4,2017,17),(1604,4,2017,18),(1605,4,2017,19),(1606,4,2017,20),(1607,4,2017,21),(1608,4,2017,22),(1609,4,2017,23),(1610,4,2017,24),(1611,4,2017,25),(1612,4,2017,26),(1613,4,2017,27),(1614,4,2017,28),(1615,4,2017,29),(1616,4,2017,30),(1617,5,2017,1),(1618,5,2017,2),(1619,5,2017,3),(1620,5,2017,4),(1621,5,2017,5),(1622,5,2017,6),(1623,5,2017,7),(1624,5,2017,8),(1625,5,2017,9),(1626,5,2017,10),(1627,5,2017,11),(1628,5,2017,12),(1629,5,2017,13),(1630,5,2017,14),(1631,5,2017,15),(1632,5,2017,16),(1633,5,2017,17),(1634,5,2017,18),(1635,5,2017,19),(1636,5,2017,20),(1637,5,2017,21),(1638,5,2017,22),(1639,5,2017,23),(1640,5,2017,24),(1641,5,2017,25),(1642,5,2017,26),(1643,5,2017,27),(1644,5,2017,28),(1645,5,2017,29),(1646,5,2017,30),(1647,5,2017,31),(1648,6,2017,1),(1649,6,2017,2),(1650,6,2017,3),(1651,6,2017,4),(1652,6,2017,5),(1653,6,2017,6),(1654,6,2017,7),(1655,6,2017,8),(1656,6,2017,9),(1657,6,2017,10),(1658,6,2017,11),(1659,6,2017,12),(1660,6,2017,13),(1661,6,2017,14),(1662,6,2017,15),(1663,6,2017,16),(1664,6,2017,17),(1665,6,2017,18),(1666,6,2017,19),(1667,6,2017,20),(1668,6,2017,21),(1669,6,2017,22),(1670,6,2017,23),(1671,6,2017,24),(1672,6,2017,25),(1673,6,2017,26),(1674,6,2017,27),(1675,6,2017,28),(1676,6,2017,29),(1677,6,2017,30),(1678,7,2017,1),(1679,7,2017,2),(1680,7,2017,3),(1681,7,2017,4),(1682,7,2017,5),(1683,7,2017,6),(1684,7,2017,7),(1685,7,2017,8),(1686,7,2017,9),(1687,7,2017,10),(1688,7,2017,11),(1689,7,2017,12),(1690,7,2017,13),(1691,7,2017,14),(1692,7,2017,15),(1693,7,2017,16),(1694,7,2017,17),(1695,7,2017,18),(1696,7,2017,19),(1697,7,2017,20),(1698,7,2017,21),(1699,7,2017,22),(1700,7,2017,23),(1701,7,2017,24),(1702,7,2017,25),(1703,7,2017,26),(1704,7,2017,27),(1705,7,2017,28),(1706,7,2017,29),(1707,7,2017,30),(1708,7,2017,31),(1709,8,2017,1),(1710,8,2017,2),(1711,8,2017,3),(1712,8,2017,4),(1713,8,2017,5),(1714,8,2017,6),(1715,8,2017,7),(1716,8,2017,8),(1717,8,2017,9),(1718,8,2017,10),(1719,8,2017,11),(1720,8,2017,12),(1721,8,2017,13),(1722,8,2017,14),(1723,8,2017,15),(1724,8,2017,16),(1725,8,2017,17),(1726,8,2017,18),(1727,8,2017,19),(1728,8,2017,20),(1729,8,2017,21),(1730,8,2017,22),(1731,8,2017,23),(1732,8,2017,24),(1733,8,2017,25),(1734,8,2017,26),(1735,8,2017,27),(1736,8,2017,28),(1737,8,2017,29),(1738,8,2017,30),(1739,8,2017,31),(1740,9,2017,1),(1741,9,2017,2),(1742,9,2017,3),(1743,9,2017,4),(1744,9,2017,5),(1745,9,2017,6),(1746,9,2017,7),(1747,9,2017,8),(1748,9,2017,9),(1749,9,2017,10),(1750,9,2017,11),(1751,9,2017,12),(1752,9,2017,13),(1753,9,2017,14),(1754,9,2017,15),(1755,9,2017,16),(1756,9,2017,17),(1757,9,2017,18),(1758,9,2017,19),(1759,9,2017,20),(1760,9,2017,21),(1761,9,2017,22),(1762,9,2017,23),(1763,9,2017,24),(1764,9,2017,25),(1765,9,2017,26),(1766,9,2017,27),(1767,9,2017,28),(1768,9,2017,29),(1769,9,2017,30),(1770,10,2017,1),(1771,10,2017,2),(1772,10,2017,3),(1773,10,2017,4),(1774,10,2017,5),(1775,10,2017,6),(1776,10,2017,7),(1777,10,2017,8),(1778,10,2017,9),(1779,10,2017,10),(1780,10,2017,11),(1781,10,2017,12),(1782,10,2017,13),(1783,10,2017,14),(1784,10,2017,15),(1785,10,2017,16),(1786,10,2017,17),(1787,10,2017,18),(1788,10,2017,19),(1789,10,2017,20),(1790,10,2017,21),(1791,10,2017,22),(1792,10,2017,23),(1793,10,2017,24),(1794,10,2017,25),(1795,10,2017,26),(1796,10,2017,27),(1797,10,2017,28),(1798,10,2017,29),(1799,10,2017,30),(1800,10,2017,31),(1801,11,2017,1),(1802,11,2017,2),(1803,11,2017,3),(1804,11,2017,4),(1805,11,2017,5),(1806,11,2017,6),(1807,11,2017,7),(1808,11,2017,8),(1809,11,2017,9),(1810,11,2017,10),(1811,11,2017,11),(1812,11,2017,12),(1813,11,2017,13),(1814,11,2017,14),(1815,11,2017,15),(1816,11,2017,16),(1817,11,2017,17),(1818,11,2017,18),(1819,11,2017,19),(1820,11,2017,20),(1821,11,2017,21),(1822,11,2017,22),(1823,11,2017,23),(1824,11,2017,24),(1825,11,2017,25),(1826,11,2017,26),(1827,11,2017,27),(1828,11,2017,28),(1829,11,2017,29),(1830,11,2017,30),(1831,12,2017,1),(1832,12,2017,2),(1833,12,2017,3),(1834,12,2017,4),(1835,12,2017,5),(1836,12,2017,6),(1837,12,2017,7),(1838,12,2017,8),(1839,12,2017,9),(1840,12,2017,10),(1841,12,2017,11),(1842,12,2017,12),(1843,12,2017,13),(1844,12,2017,14),(1845,12,2017,15),(1846,12,2017,16),(1847,12,2017,17),(1848,12,2017,18),(1849,12,2017,19),(1850,12,2017,20),(1851,12,2017,21),(1852,12,2017,22),(1853,12,2017,23),(1854,12,2017,24),(1855,12,2017,25),(1856,12,2017,26),(1857,12,2017,27),(1858,12,2017,28),(1859,12,2017,29),(1860,12,2017,30),(1861,12,2017,31),(1862,1,2018,1),(1863,1,2018,2),(1864,1,2018,3),(1865,1,2018,4),(1866,1,2018,5),(1867,1,2018,6),(1868,1,2018,7),(1869,1,2018,8),(1870,1,2018,9),(1871,1,2018,10),(1872,1,2018,11),(1873,1,2018,12),(1874,1,2018,13),(1875,1,2018,14),(1876,1,2018,15),(1877,1,2018,16),(1878,1,2018,17),(1879,1,2018,18),(1880,1,2018,19),(1881,1,2018,20),(1882,1,2018,21),(1883,1,2018,22),(1884,1,2018,23),(1885,1,2018,24),(1886,1,2018,25),(1887,1,2018,26),(1888,1,2018,27),(1889,1,2018,28),(1890,1,2018,29),(1891,1,2018,30),(1892,1,2018,31),(1893,2,2018,1),(1894,2,2018,2),(1895,2,2018,3),(1896,2,2018,4),(1897,2,2018,5),(1898,2,2018,6),(1899,2,2018,7),(1900,2,2018,8),(1901,2,2018,9),(1902,2,2018,10),(1903,2,2018,11),(1904,2,2018,12),(1905,2,2018,13),(1906,2,2018,14),(1907,2,2018,15),(1908,2,2018,16),(1909,2,2018,17),(1910,2,2018,18),(1911,2,2018,19),(1912,2,2018,20),(1913,2,2018,21),(1914,2,2018,22),(1915,2,2018,23),(1916,2,2018,24),(1917,2,2018,25),(1918,2,2018,26),(1919,2,2018,27),(1920,2,2018,28),(1921,3,2018,1),(1922,3,2018,2),(1923,3,2018,3),(1924,3,2018,4),(1925,3,2018,5),(1926,3,2018,6),(1927,3,2018,7),(1928,3,2018,8),(1929,3,2018,9),(1930,3,2018,10),(1931,3,2018,11),(1932,3,2018,12),(1933,3,2018,13),(1934,3,2018,14),(1935,3,2018,15),(1936,3,2018,16),(1937,3,2018,17),(1938,3,2018,18),(1939,3,2018,19),(1940,3,2018,20),(1941,3,2018,21),(1942,3,2018,22),(1943,3,2018,23),(1944,3,2018,24),(1945,3,2018,25),(1946,3,2018,26),(1947,3,2018,27),(1948,3,2018,28),(1949,3,2018,29),(1950,3,2018,30),(1951,3,2018,31),(1952,4,2018,1),(1953,4,2018,2),(1954,4,2018,3),(1955,4,2018,4),(1956,4,2018,5),(1957,4,2018,6),(1958,4,2018,7),(1959,4,2018,8),(1960,4,2018,9),(1961,4,2018,10),(1962,4,2018,11),(1963,4,2018,12),(1964,4,2018,13),(1965,4,2018,14),(1966,4,2018,15),(1967,4,2018,16),(1968,4,2018,17),(1969,4,2018,18),(1970,4,2018,19),(1971,4,2018,20),(1972,4,2018,21),(1973,4,2018,22),(1974,4,2018,23),(1975,4,2018,24),(1976,4,2018,25),(1977,4,2018,26),(1978,4,2018,27),(1979,4,2018,28),(1980,4,2018,29),(1981,4,2018,30),(1982,5,2018,1),(1983,5,2018,2),(1984,5,2018,3),(1985,5,2018,4),(1986,5,2018,5),(1987,5,2018,6),(1988,5,2018,7),(1989,5,2018,8),(1990,5,2018,9),(1991,5,2018,10),(1992,5,2018,11),(1993,5,2018,12),(1994,5,2018,13),(1995,5,2018,14),(1996,5,2018,15),(1997,5,2018,16),(1998,5,2018,17),(1999,5,2018,18),(2000,5,2018,19),(2001,5,2018,20),(2002,5,2018,21),(2003,5,2018,22),(2004,5,2018,23),(2005,5,2018,24),(2006,5,2018,25),(2007,5,2018,26),(2008,5,2018,27),(2009,5,2018,28),(2010,5,2018,29),(2011,5,2018,30),(2012,5,2018,31),(2013,6,2018,1),(2014,6,2018,2),(2015,6,2018,3),(2016,6,2018,4),(2017,6,2018,5),(2018,6,2018,6),(2019,6,2018,7),(2020,6,2018,8),(2021,6,2018,9),(2022,6,2018,10),(2023,6,2018,11),(2024,6,2018,12),(2025,6,2018,13),(2026,6,2018,14),(2027,6,2018,15),(2028,6,2018,16),(2029,6,2018,17),(2030,6,2018,18),(2031,6,2018,19),(2032,6,2018,20),(2033,6,2018,21),(2034,6,2018,22),(2035,6,2018,23),(2036,6,2018,24),(2037,6,2018,25),(2038,6,2018,26),(2039,6,2018,27),(2040,6,2018,28),(2041,6,2018,29),(2042,6,2018,30),(2043,7,2018,1),(2044,7,2018,2),(2045,7,2018,3),(2046,7,2018,4),(2047,7,2018,5),(2048,7,2018,6),(2049,7,2018,7),(2050,7,2018,8),(2051,7,2018,9),(2052,7,2018,10),(2053,7,2018,11),(2054,7,2018,12),(2055,7,2018,13),(2056,7,2018,14),(2057,7,2018,15),(2058,7,2018,16),(2059,7,2018,17),(2060,7,2018,18),(2061,7,2018,19),(2062,7,2018,20),(2063,7,2018,21),(2064,7,2018,22),(2065,7,2018,23),(2066,7,2018,24),(2067,7,2018,25),(2068,7,2018,26),(2069,7,2018,27),(2070,7,2018,28),(2071,7,2018,29),(2072,7,2018,30),(2073,7,2018,31),(2074,8,2018,1),(2075,8,2018,2),(2076,8,2018,3),(2077,8,2018,4),(2078,8,2018,5),(2079,8,2018,6),(2080,8,2018,7),(2081,8,2018,8),(2082,8,2018,9),(2083,8,2018,10),(2084,8,2018,11),(2085,8,2018,12),(2086,8,2018,13),(2087,8,2018,14),(2088,8,2018,15),(2089,8,2018,16),(2090,8,2018,17),(2091,8,2018,18),(2092,8,2018,19),(2093,8,2018,20),(2094,8,2018,21),(2095,8,2018,22),(2096,8,2018,23),(2097,8,2018,24),(2098,8,2018,25),(2099,8,2018,26),(2100,8,2018,27),(2101,8,2018,28),(2102,8,2018,29),(2103,8,2018,30),(2104,8,2018,31),(2105,9,2018,1),(2106,9,2018,2),(2107,9,2018,3),(2108,9,2018,4),(2109,9,2018,5),(2110,9,2018,6),(2111,9,2018,7),(2112,9,2018,8),(2113,9,2018,9),(2114,9,2018,10),(2115,9,2018,11),(2116,9,2018,12),(2117,9,2018,13),(2118,9,2018,14),(2119,9,2018,15),(2120,9,2018,16),(2121,9,2018,17),(2122,9,2018,18),(2123,9,2018,19),(2124,9,2018,20),(2125,9,2018,21),(2126,9,2018,22),(2127,9,2018,23),(2128,9,2018,24),(2129,9,2018,25),(2130,9,2018,26),(2131,9,2018,27),(2132,9,2018,28),(2133,9,2018,29),(2134,9,2018,30),(2135,10,2018,1),(2136,10,2018,2),(2137,10,2018,3),(2138,10,2018,4),(2139,10,2018,5),(2140,10,2018,6),(2141,10,2018,7),(2142,10,2018,8),(2143,10,2018,9),(2144,10,2018,10),(2145,10,2018,11),(2146,10,2018,12),(2147,10,2018,13),(2148,10,2018,14),(2149,10,2018,15),(2150,10,2018,16),(2151,10,2018,17),(2152,10,2018,18),(2153,10,2018,19),(2154,10,2018,20),(2155,10,2018,21),(2156,10,2018,22),(2157,10,2018,23),(2158,10,2018,24),(2159,10,2018,25),(2160,10,2018,26),(2161,10,2018,27),(2162,10,2018,28),(2163,10,2018,29),(2164,10,2018,30),(2165,10,2018,31),(2166,11,2018,1),(2167,11,2018,2),(2168,11,2018,3),(2169,11,2018,4),(2170,11,2018,5),(2171,11,2018,6),(2172,11,2018,7),(2173,11,2018,8),(2174,11,2018,9),(2175,11,2018,10),(2176,11,2018,11),(2177,11,2018,12),(2178,11,2018,13),(2179,11,2018,14),(2180,11,2018,15),(2181,11,2018,16),(2182,11,2018,17),(2183,11,2018,18),(2184,11,2018,19),(2185,11,2018,20),(2186,11,2018,21),(2187,11,2018,22),(2188,11,2018,23),(2189,11,2018,24),(2190,11,2018,25),(2191,11,2018,26),(2192,11,2018,27),(2193,11,2018,28),(2194,11,2018,29),(2195,11,2018,30),(2196,12,2018,1),(2197,12,2018,2),(2198,12,2018,3),(2199,12,2018,4),(2200,12,2018,5),(2201,12,2018,6),(2202,12,2018,7),(2203,12,2018,8),(2204,12,2018,9),(2205,12,2018,10),(2206,12,2018,11),(2207,12,2018,12),(2208,12,2018,13),(2209,12,2018,14),(2210,12,2018,15),(2211,12,2018,16),(2212,12,2018,17),(2213,12,2018,18),(2214,12,2018,19),(2215,12,2018,20),(2216,12,2018,21),(2217,12,2018,22),(2218,12,2018,23),(2219,12,2018,24),(2220,12,2018,25),(2221,12,2018,26),(2222,12,2018,27),(2223,12,2018,28),(2224,12,2018,29),(2225,12,2018,30),(2226,12,2018,31);
/*!40000 ALTER TABLE `Dim_Data` ENABLE KEYS */;
UNLOCK TABLES;

--
-- Table structure for table `Dim_Localizacao`
--

DROP TABLE IF EXISTS `Dim_Localizacao`;
/*!40101 SET @saved_cs_client     = @@character_set_client */;
/*!50503 SET character_set_client = utf8mb4 */;
CREATE TABLE `Dim_Localizacao` (
  `idLocalizacao` int NOT NULL AUTO_INCREMENT,
  `pais` varchar(80) DEFAULT NULL,
  `continente` varchar(45) DEFAULT NULL,
  PRIMARY KEY (`idLocalizacao`)
) ENGINE=InnoDB AUTO_INCREMENT=41 DEFAULT CHARSET=utf8mb4 COLLATE=utf8mb4_0900_ai_ci;
/*!40101 SET character_set_client = @saved_cs_client */;

--
-- Dumping data for table `Dim_Localizacao`
--

LOCK TABLES `Dim_Localizacao` WRITE;
/*!40000 ALTER TABLE `Dim_Localizacao` DISABLE KEYS */;
INSERT INTO `Dim_Localizacao` VALUES (36,'Brasil','América do Sul'),(37,'Estados Unidos','América do Norte'),(38,'Canadá','América do Norte'),(39,'Japão','Ásia'),(40,'Alemanha','Europa');
/*!40000 ALTER TABLE `Dim_Localizacao` ENABLE KEYS */;
UNLOCK TABLES;

--
-- Table structure for table `Dim_Pagamento`
--

DROP TABLE IF EXISTS `Dim_Pagamento`;
/*!40101 SET @saved_cs_client     = @@character_set_client */;
/*!50503 SET character_set_client = utf8mb4 */;
CREATE TABLE `Dim_Pagamento` (
  `idPagamento` int NOT NULL AUTO_INCREMENT,
  `vlrRecebido` varchar(45) DEFAULT NULL,
  PRIMARY KEY (`idPagamento`)
) ENGINE=InnoDB AUTO_INCREMENT=26 DEFAULT CHARSET=utf8mb4 COLLATE=utf8mb4_0900_ai_ci;
/*!40101 SET character_set_client = @saved_cs_client */;

--
-- Dumping data for table `Dim_Pagamento`
--

LOCK TABLES `Dim_Pagamento` WRITE;
/*!40000 ALTER TABLE `Dim_Pagamento` DISABLE KEYS */;
INSERT INTO `Dim_Pagamento` VALUES (21,'19.90'),(22,'29.90'),(23,'39.90'),(24,'49.90'),(25,'14.90');
/*!40000 ALTER TABLE `Dim_Pagamento` ENABLE KEYS */;
UNLOCK TABLES;

--
-- Table structure for table `Dim_Plano`
--

DROP TABLE IF EXISTS `Dim_Plano`;
/*!40101 SET @saved_cs_client     = @@character_set_client */;
/*!50503 SET character_set_client = utf8mb4 */;
CREATE TABLE `Dim_Plano` (
  `idPlano` int NOT NULL AUTO_INCREMENT,
  `nmPlano` varchar(50) DEFAULT NULL,
  `precoMensal` decimal(10,2) DEFAULT NULL,
  PRIMARY KEY (`idPlano`)
) ENGINE=InnoDB AUTO_INCREMENT=26 DEFAULT CHARSET=utf8mb4 COLLATE=utf8mb4_0900_ai_ci;
/*!40101 SET character_set_client = @saved_cs_client */;

--
-- Dumping data for table `Dim_Plano`
--

LOCK TABLES `Dim_Plano` WRITE;
/*!40000 ALTER TABLE `Dim_Plano` DISABLE KEYS */;
INSERT INTO `Dim_Plano` VALUES (21,'Básico',19.90),(22,'Padrão',29.90),(23,'Premium',39.90),(24,'Familiar',49.90),(25,'Estudante',14.90);
/*!40000 ALTER TABLE `Dim_Plano` ENABLE KEYS */;
UNLOCK TABLES;

--
-- Table structure for table `Dim_Usuario`
--

DROP TABLE IF EXISTS `Dim_Usuario`;
/*!40101 SET @saved_cs_client     = @@character_set_client */;
/*!50503 SET character_set_client = utf8mb4 */;
CREATE TABLE `Dim_Usuario` (
  `idUsuario` bigint unsigned NOT NULL AUTO_INCREMENT,
  `dtNascimento` date DEFAULT NULL,
  `email` varchar(100) DEFAULT NULL,
  PRIMARY KEY (`idUsuario`)
) ENGINE=InnoDB AUTO_INCREMENT=46 DEFAULT CHARSET=utf8mb4 COLLATE=utf8mb4_0900_ai_ci;
/*!40101 SET character_set_client = @saved_cs_client */;

--
-- Dumping data for table `Dim_Usuario`
--

LOCK TABLES `Dim_Usuario` WRITE;
/*!40000 ALTER TABLE `Dim_Usuario` DISABLE KEYS */;
INSERT INTO `Dim_Usuario` VALUES (41,'1985-05-15','joao@gmail.com'),(42,'1990-08-20','maria@gmail.com'),(43,'1988-11-11','lucas@gmail.com'),(44,'1995-02-03','ana@gmail.com'),(45,'1982-12-30','karl@gmail.com');
/*!40000 ALTER TABLE `Dim_Usuario` ENABLE KEYS */;
UNLOCK TABLES;

--
-- Table structure for table `Fato_Assinatura`
--

DROP TABLE IF EXISTS `Fato_Assinatura`;
/*!40101 SET @saved_cs_client     = @@character_set_client */;
/*!50503 SET character_set_client = utf8mb4 */;
CREATE TABLE `Fato_Assinatura` (
  `idAssinatura` bigint unsigned NOT NULL AUTO_INCREMENT,
  `qtd_novos_assinantes` int DEFAULT NULL,
  `fk_assinatura_localizacao` int NOT NULL,
  `fk_assinatura_data` int NOT NULL,
  `fk_assinatura_usuario` bigint unsigned NOT NULL,
  PRIMARY KEY (`idAssinatura`),
  KEY `idx_Localizacao` (`fk_assinatura_localizacao`),
  KEY `idx_DataAssinatura` (`fk_assinatura_data`),
  KEY `idx_Usuario` (`fk_assinatura_usuario`),
  CONSTRAINT `fk_Fato_Assinatura_Data` FOREIGN KEY (`fk_assinatura_data`) REFERENCES `Dim_Data` (`idDim_Data`),
  CONSTRAINT `fk_Fato_Assinatura_Localizacao` FOREIGN KEY (`fk_assinatura_localizacao`) REFERENCES `Dim_Localizacao` (`idLocalizacao`),
  CONSTRAINT `fk_Fato_Assinatura_Usuario` FOREIGN KEY (`fk_assinatura_usuario`) REFERENCES `Dim_Usuario` (`idUsuario`)
) ENGINE=InnoDB AUTO_INCREMENT=61 DEFAULT CHARSET=utf8mb4 COLLATE=utf8mb4_0900_ai_ci;
/*!40101 SET character_set_client = @saved_cs_client */;

--
-- Dumping data for table `Fato_Assinatura`
--

LOCK TABLES `Fato_Assinatura` WRITE;
/*!40000 ALTER TABLE `Fato_Assinatura` DISABLE KEYS */;
INSERT INTO `Fato_Assinatura` VALUES (56,1,36,401,41),(57,1,37,825,42),(58,1,38,1266,43),(59,1,39,1506,44),(60,1,40,1893,45);
/*!40000 ALTER TABLE `Fato_Assinatura` ENABLE KEYS */;
UNLOCK TABLES;

--
-- Table structure for table `Fato_Receita`
--

DROP TABLE IF EXISTS `Fato_Receita`;
/*!40101 SET @saved_cs_client     = @@character_set_client */;
/*!50503 SET character_set_client = utf8mb4 */;
CREATE TABLE `Fato_Receita` (
  `idFato_Receita` bigint unsigned NOT NULL AUTO_INCREMENT,
  `fk_receita_plano` int NOT NULL,
  `fk_receita_pagamento` int NOT NULL,
  `fk_receita_data` int NOT NULL,
  PRIMARY KEY (`idFato_Receita`),
  KEY `idx_Plano` (`fk_receita_plano`),
  KEY `idx_Pagamento` (`fk_receita_pagamento`),
  KEY `idx_DataPagamento` (`fk_receita_data`),
  CONSTRAINT `fk_Fato_Receita_DataPagamento` FOREIGN KEY (`fk_receita_data`) REFERENCES `Dim_Data` (`idDim_Data`),
  CONSTRAINT `fk_Fato_Receita_Pagamento` FOREIGN KEY (`fk_receita_pagamento`) REFERENCES `Dim_Pagamento` (`idPagamento`),
  CONSTRAINT `fk_Fato_Receita_Plano` FOREIGN KEY (`fk_receita_plano`) REFERENCES `Dim_Plano` (`idPlano`)
) ENGINE=InnoDB AUTO_INCREMENT=111 DEFAULT CHARSET=utf8mb4 COLLATE=utf8mb4_0900_ai_ci;
/*!40101 SET character_set_client = @saved_cs_client */;

--
-- Dumping data for table `Fato_Receita`
--

LOCK TABLES `Fato_Receita` WRITE;
/*!40000 ALTER TABLE `Fato_Receita` DISABLE KEYS */;
INSERT INTO `Fato_Receita` VALUES (66,21,21,405),(67,21,21,436),(68,21,21,464),(69,21,21,495),(70,21,21,525),(71,21,21,556),(72,22,22,829),(73,22,22,860),(74,22,22,890),(75,22,22,921),(76,22,22,951),(77,22,22,982),(78,22,22,1013),(79,22,22,1043),(80,22,22,1074),(81,22,22,1104),(82,23,23,1271),(83,23,23,1302),(84,23,23,1332),(85,23,23,1363),(86,23,23,1394),(87,23,23,1424),(88,23,23,1455),(89,23,23,1485),(90,23,23,1516),(91,23,23,1547),(92,23,23,1575),(93,23,23,1606),(94,24,24,1511),(95,24,24,1542),(96,24,24,1570),(97,24,24,1601),(98,24,24,1631),(99,24,24,1662),(100,24,24,1692),(101,24,24,1723),(102,24,24,1754),(103,24,24,1784),(104,24,24,1815),(105,25,25,1902),(106,25,25,1930),(107,25,25,1961),(108,25,25,1991),(109,25,25,2022),(110,25,25,2052);
/*!40000 ALTER TABLE `Fato_Receita` ENABLE KEYS */;
UNLOCK TABLES;

--
-- Dumping routines for database 'dbnetf'
--
SET @@SESSION.SQL_LOG_BIN = @MYSQLDUMP_TEMP_LOG_BIN;
/*!40103 SET TIME_ZONE=@OLD_TIME_ZONE */;

/*!40101 SET SQL_MODE=@OLD_SQL_MODE */;
/*!40014 SET FOREIGN_KEY_CHECKS=@OLD_FOREIGN_KEY_CHECKS */;
/*!40014 SET UNIQUE_CHECKS=@OLD_UNIQUE_CHECKS */;
/*!40101 SET CHARACTER_SET_CLIENT=@OLD_CHARACTER_SET_CLIENT */;
/*!40101 SET CHARACTER_SET_RESULTS=@OLD_CHARACTER_SET_RESULTS */;
/*!40101 SET COLLATION_CONNECTION=@OLD_COLLATION_CONNECTION */;
/*!40111 SET SQL_NOTES=@OLD_SQL_NOTES */;

-- Dump completed on 2025-05-25 19:11:49
